{
    "rmse": 9647.608358981257,
    "mae": 7558.25154545427,
    "r2": 0.4004695165369705
}